field,definition,source_or_transform
station_id,Unique NREL station identifier,NREL
status_label,"Available, Planned, Temporarily unavailable, or Unknown",NREL status_code
access_label,"Public, Private, or Unknown access",NREL access_code
public_available_stations,Stations that are both public and currently available,Derived
public_available_per_100k,"Public-and-available stations per 100,000 residents",Derived + Census
availability_rate,Available stations divided by all stations in the group,Derived
dc_fast_station_share,Stations with at least one DC fast port divided by all stations,Derived
readiness_score,"Transparent 0-100 heuristic using access, status, DC fast, port count, and pricing",Derived
priority_score,70% coverage gap plus 30% availability gap versus the median state,Derived
