facility_type_label,stations,available_stations,public_stations,dc_fast_stations,total_ports,mean_readiness_score,availability_rate,public_share
Unknown,67167,65647,66531,10266,167812.0,64.62027483734572,0.9773698393556359,0.9905310643619635
Hotel,2825,2793,2766,322,11264.0,69.43716814159292,0.9886725663716814,0.9791150442477876
Car Dealer,2172,2125,1218,535,3869.0,55.8195211786372,0.9783609576427256,0.5607734806629834
Public,1995,1943,1995,1183,8992.0,79.97243107769424,0.9739348370927319,1.0
Fed Gov,1647,1502,50,25,10610.0,32.82635094110504,0.9119611414693382,0.030358227079538554
Shopping Center,1582,1566,1557,1407,18875.0,91.61504424778761,0.9898862199747156,0.984197218710493
Other,1334,1331,1255,150,10992.0,71.69790104947526,0.9977511244377811,0.9407796101949025
Office Bldg,1242,1230,536,51,8051.0,50.30595813204509,0.9903381642512077,0.43156199677938806
Parking Lot,1041,1019,950,96,4125.0,66.09510086455332,0.978866474543708,0.9125840537944284
Gas Station,837,819,836,808,7942.0,93.45878136200717,0.978494623655914,0.998805256869773
Muni Gov,787,767,564,88,3505.0,60.177890724269375,0.974587039390089,0.7166454891994918
Restaurant,580,567,532,314,3959.0,78.47413793103448,0.9775862068965517,0.9172413793103448
Multi Unit Dwelling,533,526,533,7,3625.0,67.7298311444653,0.9868667917448405,1.0
College Campus,466,447,394,18,2341.0,62.33905579399141,0.9592274678111588,0.8454935622317596
Grocery,458,442,453,334,3812.0,85.62227074235808,0.9650655021834061,0.9890829694323144
Utility,439,422,141,48,2464.0,46.207289293849655,0.9612756264236902,0.3211845102505695
Parking Garage,423,414,363,25,2907.0,65.94562647754137,0.9787234042553191,0.8581560283687943
Pay Garage,348,345,343,5,1861.0,66.73850574712644,0.9913793103448276,0.985632183908046
Park,283,277,275,22,838.0,68.1095406360424,0.9787985865724381,0.9717314487632509
Inn,263,261,258,1,610.0,65.41825095057034,0.9923954372623575,0.9809885931558935
Hospital,231,227,176,6,1330.0,60.1948051948052,0.9826839826839827,0.7619047619047619
Street Parking,196,194,194,10,315.0,62.576530612244895,0.9897959183673469,0.9897959183673469
School,188,182,129,9,1378.0,57.952127659574465,0.9680851063829787,0.6861702127659575
Brewery Distillery Winery,184,177,176,8,465.0,64.4836956521739,0.9619565217391305,0.9565217391304348
Rest Stop,164,162,164,158,1389.0,93.96341463414635,0.9878048780487805,1.0
Rec Sports Facility,160,156,153,14,663.0,67.65625,0.975,0.95625
Library,158,150,151,20,426.0,67.37341772151899,0.9493670886075949,0.9556962025316456
State Gov,156,155,32,8,623.0,42.66025641025641,0.9935897435897436,0.20512820512820512
Other Entertainment,144,140,134,15,845.0,69.09722222222223,0.9722222222222222,0.9305555555555556
Convenience Store,140,132,140,125,532.0,90.89285714285714,0.9428571428571428,1.0
Airport,125,122,105,11,1200.0,67.28,0.976,0.84
Natl Park,111,111,33,2,227.0,42.34234234234234,1.0,0.2972972972972973
Fleet Garage,103,101,34,17,977.0,50.679611650485434,0.9805825242718447,0.3300970873786408
Bank,79,76,45,10,355.0,55.063291139240505,0.9620253164556962,0.569620253164557
Retail,79,67,65,21,343.0,63.41772151898734,0.8481012658227848,0.8227848101265823
Travel Center,78,76,77,59,371.0,87.43589743589743,0.9743589743589743,0.9871794871794872
Museum,78,77,73,1,291.0,64.93589743589743,0.9871794871794872,0.9358974358974359
B And B,61,61,59,0,105.0,63.77049180327869,1.0,0.9672131147540983
Auto Repair,55,55,43,0,128.0,57.18181818181818,1.0,0.7818181818181819
Place Of Worship,52,52,45,1,176.0,63.65384615384615,1.0,0.8653846153846154
Standalone Station,48,41,40,12,250.0,63.020833333333336,0.8541666666666666,0.8333333333333334
Workplace,47,47,43,10,197.0,70.2127659574468,1.0,0.9148936170212766
Factory,37,37,9,6,193.0,47.16216216216216,1.0,0.24324324324324326
Research Facility,35,34,10,2,298.0,43.57142857142857,0.9714285714285714,0.2857142857142857
Pay Lot,31,31,27,1,111.0,64.6774193548387,1.0,0.8709677419354839
Shopping Mall,26,25,22,1,205.0,65.57692307692308,0.9615384615384616,0.8461538461538461
Campground,26,25,26,0,54.0,63.65384615384615,0.9615384615384616,1.0
Mil Base,25,25,1,0,95.0,33.6,1.0,0.04
Prison,23,23,1,0,180.0,36.30434782608695,1.0,0.043478260869565216
Fire Station,22,22,19,2,63.0,62.5,1.0,0.8636363636363636
Coop,20,20,18,1,37.0,63.75,1.0,0.9
Convention Center,15,15,14,3,95.0,72.66666666666667,1.0,0.9333333333333333
Carwash,10,9,8,4,31.0,67.5,0.9,0.8
Truck Stop,10,5,10,9,380.0,76.5,0.5,1.0
Arena,9,9,9,2,36.0,75.55555555555556,1.0,1.0
Hardware Store,9,9,9,0,14.0,63.888888888888886,1.0,1.0
Fuel Reseller,8,6,6,3,28.0,61.25,0.75,0.75
Stadium,8,8,6,1,56.0,63.75,1.0,0.75
Motor Pool,6,6,4,4,25.0,75.0,1.0,0.6666666666666666
Rental Car Return,5,5,3,0,18.0,57.0,1.0,0.6
Rv Park,4,4,3,0,6.0,56.25,1.0,0.75
Storage,4,4,4,1,7.0,70.0,1.0,1.0
Pharmacy,2,2,2,1,6.0,77.5,1.0,1.0
