ev_network,stations,available_stations,public_stations,dc_fast_stations,total_ports,mean_readiness_score,availability_rate,public_share
ChargePoint Network,48634,47997,48327,4576,87874.0,61.81560225356746,0.986902167208126,0.9936875436937123
Non-Networked,8830,8438,5110,701,33554.0,53.15911664779162,0.9556058890147225,0.578708946772367
Blink Network,6215,5895,6201,702,23068.0,66.99034593724859,0.9485116653258246,0.9977473853580048
Tesla Destination,4512,4512,3917,0,18141.0,64.28080673758865,1.0,0.8681294326241135
Tesla,3122,3122,3122,3122,38407.0,95.20339525944907,1.0,1.0
EV Connect,1606,1439,1517,821,5759.0,71.88978829389788,0.8960149439601495,0.9445828144458281
AMPUP,1324,1324,832,7,5356.0,52.8285498489426,1.0,0.6283987915407855
FLO,1240,1219,1235,100,3096.0,63.76209677419355,0.9830645161290322,0.9959677419354839
Electrify America,1217,1216,1217,1187,6157.0,93.83319638455218,0.9991783073130649,1.0
eVgo Network,1214,1181,1214,1209,5430.0,91.62273476112027,0.9728171334431631,1.0
LOOP,1127,1127,1126,50,9673.0,72.88376220053239,1.0,0.9991126885536823
RED_E,1080,1042,1080,598,4738.0,78.49074074074075,0.9648148148148148,1.0
VIALYNK,1006,870,1005,136,5471.0,66.61530815109344,0.8648111332007953,0.9990059642147118
SWTCH,656,638,579,101,2700.0,69.26829268292683,0.9725609756097561,0.8826219512195121
OpConnect,526,485,525,46,2069.0,63.09885931558935,0.9220532319391636,0.9980988593155894
EVGATEWAY,474,440,465,119,3030.0,70.09493670886076,0.9282700421940928,0.9810126582278481
CHARGELAB,399,349,397,96,1603.0,66.56641604010025,0.87468671679198,0.9949874686716792
EVOKE,390,386,365,14,2755.0,65.62820512820512,0.9897435897435898,0.9358974358974359
NOODOE,373,369,373,68,1931.0,69.35656836461126,0.9892761394101877,1.0
FORD_CHARGE,355,346,354,354,1286.0,91.33802816901408,0.9746478873239437,0.9971830985915493
UNIVERSAL,326,326,326,82,924.0,71.33435582822086,1.0,1.0
CHARGEUP,324,323,324,11,1147.0,64.39814814814815,0.9969135802469136,1.0
CHARGESMART_EV,317,305,317,87,2351.0,74.49526813880126,0.9621451104100947,1.0
EVCS,277,274,277,223,1601.0,85.61371841155234,0.9891696750902527,1.0
POWERFLEX,254,253,179,26,4674.0,65.72834645669292,0.9960629921259843,0.7047244094488189
SYNERGEV,244,224,244,77,1132.0,71.20901639344262,0.9180327868852459,1.0
ENVIROSPARK,235,235,223,9,1271.0,71.17021276595744,1.0,0.948936170212766
RIVIAN_WAYPOINTS,207,207,207,0,540.0,61.44927536231884,1.0,1.0
QUICKCHARGE,198,196,198,42,1169.0,73.15656565656566,0.98989898989899,1.0
FCN,183,178,183,173,1037.0,92.48633879781421,0.9726775956284153,1.0
IONNA,182,178,182,182,1534.0,94.28571428571429,0.978021978021978,1.0
RIVIAN_ADVENTURE,159,159,159,159,1114.0,94.937106918239,1.0,1.0
FLASH,153,153,153,0,1259.0,67.25490196078431,1.0,1.0
TURNONGREEN,150,132,139,7,474.0,58.9,0.88,0.9266666666666666
WALMART,110,110,110,110,916.0,100.0,1.0,1.0
FPLEV,109,109,109,109,394.0,96.55963302752293,1.0,1.0
BP_PULSE,95,92,95,95,850.0,93.63157894736842,0.968421052631579,1.0
SHELL_RECHARGE,87,80,78,85,627.0,87.58620689655173,0.9195402298850575,0.896551724137931
MERCEDES_BENZ,85,81,85,85,778.0,93.3529411764706,0.9529411764705882,1.0
AUTEL,76,76,74,31,405.0,78.35526315789474,1.0,0.9736842105263158
GRAVITI_ENERGY,76,73,76,32,312.0,76.84210526315789,0.9605263157894737,1.0
APPLEGREEN,74,74,74,74,294.0,97.63513513513513,1.0,1.0
EVRANGE,71,65,71,37,326.0,75.56338028169014,0.9154929577464789,1.0
IN_CHARGE,70,69,56,69,108.0,82.5,0.9857142857142858,0.8
STAY_N_CHARGE,69,69,68,1,175.0,66.81159420289855,1.0,0.9855072463768116
EVMATCH,63,63,54,0,240.0,63.17460317460318,1.0,0.8571428571428571
ABM,60,60,60,19,369.0,73.41666666666667,1.0,1.0
CIRCLE_K,55,55,55,55,216.0,94.63636363636364,1.0,1.0
DIRT_ROAD,51,48,51,33,279.0,81.27450980392157,0.9411764705882353,1.0
POWERPUMP,49,37,39,23,261.0,66.93877551020408,0.7551020408163265,0.7959183673469388
7CHARGE,47,47,47,46,169.0,96.70212765957447,1.0,1.0
KWEV,46,46,45,0,332.0,73.47826086956522,1.0,0.9782608695652174
NAYAX_ENERGY,42,40,42,38,358.0,92.14285714285714,0.9523809523809523,1.0
OBE_POWER,36,36,36,0,42.0,60.0,1.0,1.0
CHAEVI,32,32,32,31,124.0,87.65625,1.0,1.0
HYPERFUEL,31,11,31,31,230.0,75.64516129032258,0.3548387096774194,1.0
ELECTRIC_ERA,30,30,30,30,170.0,94.0,1.0,1.0
REVITALIZE,29,29,7,0,90.0,43.96551724137931,1.0,0.2413793103448276
FLIPTURN,28,28,28,13,130.0,76.25,1.0,1.0
EPIC_CHARGING,26,26,21,1,135.0,63.65384615384615,1.0,0.8076923076923077
WEVO,25,25,25,0,85.0,64.8,1.0,1.0
KWIK_CHARGE,23,23,23,23,92.0,100.0,1.0,1.0
EVIUM,22,19,22,5,298.0,71.13636363636364,0.8636363636363636,1.0
CHARGIE,22,22,21,2,401.0,75.0,1.0,0.9545454545454546
JULE,19,19,19,19,56.0,92.63157894736842,1.0,1.0
POWERPORT_EVC,18,18,15,2,99.0,68.33333333333333,1.0,0.8333333333333334
ENERTECH,18,18,18,0,98.0,73.33333333333333,1.0,1.0
ITSELECTRIC,16,16,16,0,23.0,65.0,1.0,1.0
US_SUPERCHARGE,16,16,16,4,50.0,76.875,1.0,1.0
INTERTIE,16,16,16,3,84.0,70.9375,1.0,1.0
EVBOLT,15,11,15,2,34.0,62.0,0.7333333333333333,1.0
WATT_EV,13,5,13,13,476.0,76.53846153846153,0.38461538461538464,1.0
RACETRAC,13,13,13,13,37.0,88.07692307692308,1.0,1.0
Non-networked,12,0,12,0,0.0,30.416666666666668,0.0,1.0
ZEFNET,11,10,4,2,27.0,48.18181818181818,0.9090909090909091,0.36363636363636365
CORAL_EV,9,9,9,0,24.0,63.333333333333336,1.0,1.0
CHARGENET,9,8,9,9,48.0,93.88888888888889,0.8888888888888888,1.0
REVEL,8,7,8,8,96.0,95.625,0.875,1.0
ONPOINT_EV_SOLUTIONS,7,6,7,6,38.0,87.14285714285714,0.8571428571428571,1.0
GO_TO_U,6,5,6,1,26.0,69.16666666666667,0.8333333333333334,1.0
AMPED_UP,6,6,6,0,30.0,71.66666666666667,1.0,1.0
EVPOWER,5,5,5,5,20.0,95.0,1.0,1.0
EVXY,4,4,4,4,40.0,100.0,1.0,1.0
EZVOLTZ,3,1,3,2,6.0,56.666666666666664,0.3333333333333333,1.0
EVPASSPORT,3,3,3,2,10.0,85.0,1.0,1.0
POWERUP,3,3,3,1,10.0,71.66666666666667,1.0,1.0
GREEN_BRIDGE,3,3,3,0,14.0,73.33333333333333,1.0,1.0
EVCHRON,2,2,2,0,4.0,65.0,1.0,1.0
XEAL,2,2,2,0,22.0,67.5,1.0,1.0
ROVE,2,2,2,2,32.0,100.0,1.0,1.0
OMNI_POTENTIAL,1,1,1,0,2.0,60.0,1.0,1.0
GRAVITY_CHARGING_CENTER,1,1,1,1,24.0,95.0,1.0,1.0
HONEY_BADGER,1,1,1,0,2.0,65.0,1.0,1.0
FLITWAY,1,1,1,0,8.0,70.0,1.0,1.0
MATCHA,1,1,1,0,2.0,65.0,1.0,1.0
POWERCHARGE,1,1,1,0,4.0,75.0,1.0,1.0
WAVE,1,1,0,1,1.0,55.0,1.0,0.0
