open_year,new_stations,public_stations,available_stations,dc_fast_stations
1995,1,1,1,0
1997,5,5,4,0
1998,9,9,9,0
1999,14,1,14,10
2000,2,2,2,0
2001,1,1,1,1
2002,10,9,8,0
2004,14,13,14,0
2005,3,3,3,0
2006,3,2,3,0
2008,18,16,18,0
2009,11,7,10,0
2010,39,33,38,3
2011,569,297,562,84
2012,1008,587,989,140
2013,449,335,437,65
2014,783,680,762,122
2015,1290,1128,1272,134
2016,1345,1227,1324,185
2017,1549,1422,1525,156
2018,1910,1743,1873,361
2019,2756,2376,2715,523
2020,5767,5349,5640,852
2021,13920,13109,13663,1314
2022,9917,9486,9685,1390
2023,12168,11787,11945,2469
2024,12645,12080,12398,3011
2025,13850,13013,13568,3310
2026,9012,8989,8773,2045
