state_abbr,state_name,population_2025,total_stations,available_stations,public_stations,public_available_stations,dc_fast_stations,total_ports,dc_fast_ports,mean_readiness_score,median_station_age_years,availability_rate,public_share,dc_fast_station_share,stations_per_100k,public_available_per_100k,coverage_gap_pct,availability_gap_pct,priority_score,priority_band,national_median_public_available_per_100k
PR,Puerto Rico,3184835,25,19,25,19,2,52.0,2.0,59.4,2.0,0.76,1.0,0.08,0.78497002199486,0.5965772167160937,96.82058164351301,24.0,75.0,Priority review,18.763721845503298
LA,Louisiana,4618189,316,302,267,253,102,1003.0,421.0,65.74367088607595,3.0,0.9556962025316456,0.8449367088607594,0.3227848101265823,6.842509044129637,5.478337937230373,70.80356454685321,4.430379746835444,50.9,Priority review,18.763721845503298
MS,Mississippi,2954160,257,249,230,223,103,872.0,351.0,70.87548638132296,3.0,0.9688715953307393,0.8949416342412452,0.40077821011673154,8.69959650120508,7.548677119722695,59.76983041063505,3.11284046692607,42.8,Watch list,18.763721845503298
KY,Kentucky,4606864,459,432,419,404,115,1372.0,462.0,65.92592592592592,3.0,0.9411764705882353,0.9128540305010894,0.25054466230936817,9.963393753321132,8.76952304213886,53.26341376009863,5.882352941176472,39.0,Watch list,18.763721845503298
OK,Oklahoma,4123288,441,424,397,381,204,1863.0,940.0,73.17460317460318,4.0,0.9614512471655329,0.9002267573696145,0.46258503401360546,10.695347984424082,9.240198598788153,50.75497987622026,3.8548752834467126,36.7,Watch list,18.763721845503298
AK,Alaska,737270,84,81,74,71,28,227.0,103.0,68.33333333333333,4.0,0.9642857142857143,0.8809523809523809,0.3333333333333333,11.393383699323179,9.630121936332687,48.67690954052096,3.57142857142857,35.1,Watch list,18.763721845503298
IN,Indiana,6973333,799,775,732,714,226,2591.0,1031.0,66.72715894868585,3.0,0.9699624530663329,0.9161451814768461,0.2828535669586984,11.457935538142234,10.239006225573911,45.4319014645398,3.0037546933667114,32.7,Watch list,18.763721845503298
WV,West Virginia,1766147,210,205,185,181,60,623.0,222.0,67.5,4.0,0.9761904761904762,0.8809523809523809,0.2857142857142857,11.89028999284884,10.248297565264954,45.38238389138696,2.3809523809523836,32.5,Watch list,18.763721845503298
AL,Alabama,5193088,686,663,574,555,257,2245.0,924.0,66.85131195335276,3.0,0.9664723032069971,0.8367346938775511,0.3746355685131195,13.209866653520987,10.687282788198466,43.04284152048619,3.3527696793002937,31.1,Watch list,18.763721845503298
TX,Texas,31709821,4131,4008,3880,3767,931,14029.0,5556.0,66.55531348341806,3.0,0.9702251270878722,0.9392398934882595,0.22536916000968288,13.027509679099103,11.879600329500441,36.68846496811947,2.977487291212777,26.6,Watch list,18.763721845503298
AR,Arkansas,3114791,423,409,396,382,71,1182.0,300.0,65.28368794326241,3.0,0.966903073286052,0.9361702127659575,0.16784869976359337,13.580365424197,12.264065229416676,34.63948501050849,3.309692671394804,25.2,Watch list,18.763721845503298
SD,South Dakota,935094,118,116,116,114,47,333.0,158.0,72.88135593220339,4.0,0.9830508474576272,0.9830508474576272,0.3983050847457627,12.61905220223849,12.19128772080668,35.02734787273397,1.6949152542372836,25.0,Lower priority,18.763721845503298
SC,South Carolina,5570274,778,760,710,692,215,2419.0,952.0,67.46786632390746,3.0,0.9768637532133676,0.9125964010282777,0.2763496143958869,13.966996955625522,12.423087266443265,33.79198770514475,2.3136246786632397,24.3,Lower priority,18.763721845503298
ID,Idaho,2029733,286,281,257,252,89,834.0,314.0,68.51398601398601,3.0,0.9825174825174825,0.8986013986013986,0.3111888111888112,14.090523236307435,12.415426068354803,33.83281754770766,1.7482517482517501,24.2,Lower priority,18.763721845503298
ND,North Dakota,799358,113,110,109,106,45,289.0,146.0,71.94690265486726,4.0,0.9734513274336283,0.9646017699115044,0.39823008849557523,14.136344416394156,13.26064166493611,29.328297583381595,2.6548672566371723,21.3,Lower priority,18.763721845503298
MT,Montana,1144694,166,160,161,155,58,492.0,263.0,70.99397590361446,3.0,0.963855421686747,0.9698795180722891,0.3493975903614458,14.501692155283422,13.540736651017653,27.83555009763336,3.6144578313253017,20.6,Lower priority,18.763721845503298
IL,Illinois,12719141,2035,1981,1904,1850,645,6946.0,3016.0,69.15970515970515,2.5,0.9734643734643734,0.9356265356265356,0.31695331695331697,15.999508142884805,14.54500740262255,22.48335632779462,2.6535626535626577,16.5,Lower priority,18.763721845503298
WI,Wisconsin,5972787,914,903,876,865,246,2476.0,922.0,68.12910284463895,3.0,0.9879649890590809,0.9584245076586433,0.26914660831509846,15.302738905639863,14.48235137131125,22.81727745403598,1.2035010940919078,16.3,Lower priority,18.763721845503298
IA,Iowa,3238387,528,508,504,484,163,1401.0,611.0,68.27651515151516,3.0,0.9621212121212122,0.9545454545454546,0.3087121212121212,16.30441327735073,14.945712170904836,20.34782707841858,3.7878787878787845,15.4,Lower priority,18.763721845503298
TN,Tennessee,7315076,1261,1236,1142,1119,254,3506.0,1033.0,64.6233148295004,3.0,0.9801744647105471,0.9056304520222046,0.2014274385408406,17.23837182279446,15.297175313011103,18.47472778074116,1.9825535289452856,13.5,Lower priority,18.763721845503298
PA,Pennsylvania,13059432,2222,2159,2096,2050,442,6415.0,2057.0,65.37128712871286,3.0,0.9716471647164716,0.9432943294329433,0.19891989198919893,17.014522530535782,15.697466781097372,16.341401187103774,2.835283528352839,12.3,Lower priority,18.763721845503298
NE,Nebraska,2018006,343,334,333,324,97,804.0,286.0,67.09912536443149,4.0,0.9737609329446064,0.9708454810495627,0.282798833819242,16.996976223063758,16.055452758812415,14.43353887352533,2.6239067055393583,10.9,Lower priority,18.763721845503298
OH,Ohio,11900510,2148,2071,1975,1922,455,6025.0,1590.0,64.6461824953445,3.0,0.9641527001862198,0.9194599627560521,0.2118249534450652,18.049646611783864,16.150568336987238,13.926626764307418,3.584729981378021,10.8,Lower priority,18.763721845503298
MN,Minnesota,5830405,1019,996,974,951,265,2904.0,957.0,67.59077526987242,3.0,0.9774288518155054,0.9558390578999019,0.26005888125613347,17.477345055789435,16.31104528759151,13.071375594387034,2.257114818449457,9.8,Lower priority,18.763721845503298
NC,North Carolina,11197968,2052,1993,1946,1889,377,6406.0,1928.0,65.34600389863547,3.0,0.9712475633528265,0.9483430799220273,0.18372319688109162,18.32475320522438,16.869131971086183,10.097089959107183,2.875243664717353,7.9,Lower priority,18.763721845503298
DE,Delaware,1059952,269,253,238,231,56,828.0,311.0,63.773234200743495,3.0,0.9405204460966543,0.8847583643122676,0.20817843866171004,25.37850770600933,21.793439702929945,0.0,5.947955390334569,1.8,Lower priority,18.763721845503298
HI,Hawaii,1432820,464,442,419,398,53,1329.0,201.0,61.63793103448276,4.0,0.9525862068965517,0.9030172413793104,0.11422413793103449,32.38369090325372,27.77739004201505,0.0,4.741379310344829,1.4,Lower priority,18.763721845503298
NJ,New Jersey,9548215,2227,2148,2119,2050,427,7976.0,2146.0,65.83969465648855,2.0,0.9645262685226762,0.9515042658284688,0.1917377638078132,23.323731189546944,21.46998156199876,0.0,3.54737314773238,1.1,Lower priority,18.763721845503298
FL,Florida,23462518,4808,4713,4475,4380,928,16772.0,5251.0,65.95777870216307,3.0,0.9802412645590682,0.9307404326123128,0.1930116472545757,20.49225918548043,18.668073051664788,0.5097538464173744,1.9758735440931763,0.9,Lower priority,18.763721845503298
VA,Virginia,8880107,2079,2017,1865,1835,391,6763.0,1886.0,64.33862433862434,3.0,0.9701779701779701,0.897065897065897,0.18807118807118808,23.411880059553337,20.66416542052928,0.0,2.982202982202986,0.9,Lower priority,18.763721845503298
VT,Vermont,644663,580,565,558,543,111,1473.0,330.0,65.36206896551724,3.0,0.9741379310344828,0.9620689655172414,0.19137931034482758,89.96948793400583,84.2300550830434,0.0,2.5862068965517238,0.8,Lower priority,18.763721845503298
OR,Oregon,4273586,1806,1758,1708,1660,349,4732.0,1390.0,65.08582502768549,3.0,0.973421926910299,0.9457364341085271,0.19324473975636766,42.25959182756589,38.84325716155004,0.0,2.657807308970095,0.8,Lower priority,18.763721845503298
MI,Michigan,10127884,2217,2158,2112,2053,589,6267.0,1823.0,67.38385205232296,3.0,0.9733874605322508,0.952638700947226,0.2656743346865133,21.89006114209049,20.270769293961106,0.0,2.661253946774922,0.8,Lower priority,18.763721845503298
NY,New York,20002427,6042,5882,5786,5627,783,23861.0,3501.0,65.48245614035088,3.0,0.9735187024164184,0.9576299238662694,0.12959285004965243,30.20633446131312,28.131586232010743,0.0,2.648129758358164,0.8,Lower priority,18.763721845503298
DC,District of Columbia,693645,395,386,315,306,11,1385.0,63.0,58.822784810126585,5.0,0.9772151898734177,0.7974683544303798,0.027848101265822784,56.94555572374918,44.11478494042341,0.0,2.278481012658229,0.7,Lower priority,18.763721845503298
AZ,Arizona,7623818,1664,1627,1565,1528,229,5177.0,1539.0,64.19471153846153,3.0,0.9777644230769231,0.9405048076923077,0.13762019230769232,21.82633425929108,20.042451170791328,0.0,2.223557692307687,0.7,Lower priority,18.763721845503298
GA,Georgia,11302748,2541,2485,2423,2368,567,8697.0,2342.0,66.89295552931917,3.0,0.977961432506887,0.9535615899252263,0.2231404958677686,22.4812585399586,20.950657309178265,0.0,2.203856749311295,0.7,Lower priority,18.763721845503298
UT,Utah,3538904,1089,1068,1030,1009,208,3461.0,1032.0,65.57392102846649,4.0,0.9807162534435262,0.945821854912764,0.19100091827364554,30.77223908871221,28.511652195142904,0.0,1.9283746556473802,0.6,Lower priority,18.763721845503298
NV,Nevada,3282188,675,662,632,619,146,3110.0,1182.0,66.65185185185184,4.0,0.9807407407407407,0.9362962962962963,0.2162962962962963,20.565549566325878,18.859370639341805,0.0,1.925925925925931,0.6,Lower priority,18.763721845503298
CO,Colorado,6012561,3134,3075,2941,2883,517,8822.0,1736.0,64.14007657945118,3.0,0.9811742182514359,0.9384173580089342,0.16496490108487555,52.1242112969831,47.949617475814385,0.0,1.8825781748564085,0.6,Lower priority,18.763721845503298
CA,California,39355309,21536,21103,20365,19945,2904,79620.0,19651.0,63.58376671619614,4.0,0.9798941307578009,0.9456259286775631,0.13484398216939078,54.721969023289844,50.67931241500353,0.0,2.010586924219915,0.6,Lower priority,18.763721845503298
NM,New Mexico,2125498,541,530,490,483,181,1433.0,623.0,67.63401109057301,2.0,0.9796672828096118,0.9057301293900185,0.3345656192236599,25.452858577142862,22.724086308243997,0.0,2.0332717190388205,0.6,Lower priority,18.763721845503298
MO,Missouri,6270541,1415,1385,1343,1315,237,3501.0,921.0,63.88339222614841,5.0,0.9787985865724381,0.9491166077738515,0.1674911660777385,22.565836025950553,20.971077296201397,0.0,2.1201413427561877,0.6,Lower priority,18.763721845503298
KS,Kansas,2977220,625,615,586,576,85,1635.0,381.0,62.984,5.0,0.984,0.9376,0.136,20.99273819200462,19.346907517751458,0.0,1.6000000000000014,0.5,Lower priority,18.763721845503298
WY,Wyoming,588753,133,131,122,120,46,352.0,171.0,69.9624060150376,4.0,0.9849624060150376,0.9172932330827067,0.3458646616541353,22.590118436763806,20.382061747456063,0.0,1.5037593984962405,0.5,Lower priority,18.763721845503298
WA,Washington,8001020,3438,3378,3218,3162,554,10082.0,2371.0,64.15794066317626,3.0,0.9825479930191972,0.9360093077370564,0.16114019778941244,42.96952138602328,39.51996120494637,0.0,1.7452006980802848,0.5,Lower priority,18.763721845503298
MD,Maryland,6265347,1862,1828,1715,1685,376,6318.0,1599.0,67.21535982814179,4.0,0.9817400644468314,0.9210526315789473,0.20193340494092374,29.719024341349332,26.89396134005028,0.0,1.8259935553168627,0.5,Lower priority,18.763721845503298
ME,Maine,1414874,688,678,660,650,138,1744.0,437.0,66.17732558139535,3.0,0.9854651162790697,0.9593023255813954,0.2005813953488372,48.62623809611315,45.94048657336272,0.0,1.4534883720930258,0.4,Lower priority,18.763721845503298
NH,New Hampshire,1415342,338,333,305,300,85,899.0,355.0,65.94674556213018,3.0,0.985207100591716,0.9023668639053254,0.2514792899408284,23.881153813000676,21.196290366568643,0.0,1.4792899408283988,0.4,Lower priority,18.763721845503298
MA,Massachusetts,7154084,4862,4801,4610,4554,545,12896.0,2010.0,62.524681201151786,3.0,0.9874537227478404,0.9481694775812423,0.1120937885643768,67.96118133362707,63.65594812697195,0.0,1.254627725215962,0.4,Lower priority,18.763721845503298
CT,Connecticut,3688496,1765,1747,1630,1612,201,5488.0,795.0,64.1699716713881,3.0,0.9898016997167138,0.9235127478753541,0.11388101983002832,47.85148201326503,43.703449861406924,0.0,1.0198300283286166,0.3,Lower priority,18.763721845503298
RI,Rhode Island,1114521,387,385,360,358,49,1048.0,152.0,62.54521963824289,4.0,0.9948320413436692,0.9302325581395349,0.12661498708010335,34.7234372434436,32.12142256628633,0.0,0.5167958656330796,0.2,Lower priority,18.763721845503298
